{"stats":{"minecraft:killed_by":{"minecraft:zombie_villager":2,"minecraft:piglin":3,"minecraft:zombie":4,"minecraft:skeleton":1},"minecraft:mined":{"minecraft:dark_oak_planks":7,"create:deepslate_zinc_ore":4,"tetra:forged_container":10,"minecraft:white_bed":2,"create:andesite_casing":19,"minecraft:sculk_vein":2,"minecraft:brewing_stand":1,"minecraft:obsidian":18,"minecraft:granite":200,"minecraft:budding_amethyst":1,"minecraft:chiseled_polished_blackstone":2,"minecraft:grass_block":9,"minecraft:cracked_polished_blackstone_bricks":3,"tetra:forged_crate":1,"tetra:rack":4,"minecraft:hopper":2,"minecraft:chiseled_stone_bricks":33,"minecraft:spawner":3,"minecraft:gilded_blackstone":21,"minecraft:polished_blackstone_bricks":15,"minecraft:weeping_vines_plant":1,"minecraft:glowstone":1,"minecraft:iron_ore":47,"minecraft:cobbled_deepslate":72,"minecraft:fire":8,"easy_villagers:breeder":2,"minecraft:deepslate_lapis_ore":6,"minecraft:enchanting_table":1,"create:asurine":2,"minecraft:oak_stairs":5,"tetra:scroll_wall":39,"create:mechanical_press":4,"create:limestone":1,"bountiful:bountyboard":1,"minecraft:deepslate_redstone_ore":8,"create:cogwheel":10,"minecraft:blackstone":77,"tetra:scroll_rolled":8,"minecraft:smoker":1,"minecraft:crimson_nylium":14,"minecraft:amethyst_cluster":6,"minecraft:powder_snow":57,"minecraft:blast_furnace":2,"easy_villagers:farmer":3,"minecraft:glass":1,"minecraft:cobblestone":196,"minecraft:sugar_cane":1,"minecraft:amethyst_block":1,"tetra:forged_pillar":188,"create:basin":1,"minecraft:warped_nylium":2,"minecraft:stone_brick_stairs":1,"minecraft:grass":12,"minecraft:oak_log":2,"minecraft:dark_oak_sapling":3,"minecraft:sand":45,"minecraft:dirt":28,"minecraft:smooth_basalt":3,"minecraft:netherrack":228,"create:crimsite":1,"minecraft:oak_leaves":166,"minecraft:deepslate":1768,"minecraft:nether_gold_ore":1,"minecraft:crying_obsidian":1,"minecraft:tuff":113,"minecraft:deepslate_diamond_ore":85,"enchantinginfuser:enchanting_infuser":1,"tetra:block_geode":15,"minecraft:dark_oak_log":1,"create:fluid_tank":7,"minecraft:sea_lantern":2,"minecraft:ladder":1,"create:large_cogwheel":6,"minecraft:weeping_vines":1,"minecraft:crimson_roots":8,"minecraft:spruce_leaves":26,"tetra:holosphere":26,"minecraft:hay_block":7,"create:shaft":2,"tetra:forged_platform":29,"minecraft:furnace":3,"minecraft:snow":157,"minecraft:andesite":178,"minecraft:stripped_spruce_log":3,"minecraft:gold_block":18,"tetra:hammer_base":1,"minecraft:bookshelf":30,"minecraft:deepslate_iron_ore":8,"easy_villagers:trader":1,"minecraft:packed_ice":386,"minecraft:wet_sponge":96,"minecraft:stone":1687,"minecraft:smithing_table":1,"minecraft:oak_slab":4,"minecraft:crafting_table":5,"minecraft:emerald_ore":1,"minecraft:sponge":6,"tetra:forged_platform_slab":99,"tetra:transfer_unit":40,"tetra:chthonic_extractor":9,"minecraft:lectern":1,"create:water_wheel":4,"minecraft:copper_ore":4,"minecraft:lapis_ore":23,"minecraft:deepslate_gold_ore":16,"minecraft:polished_blackstone_brick_stairs":3,"minecraft:sculk":2,"minecraft:diorite":185,"easy_villagers:incubator":1,"minecraft:spruce_stairs":1,"tetra:basic_workbench":13,"minecraft:ice":24,"minecraft:spruce_log":10,"minecraft:birch_leaves":60,"tetra:forged_workbench":5,"minecraft:coal_ore":22,"minecraft:gravel":39,"tetra:forged_wall":46,"minecraft:gold_ore":5,"paraglider:goddess_statue":1},"minecraft:killed":{"minecraft:zombified_piglin":10,"minecraft:spider":5,"minecraft:skeleton":20,"minecraft:piglin_brute":4,"minecraft:piglin":26,"minecraft:pig":2,"minecraft:zombie_villager":5,"minecraft:creeper":10,"minecraft:trader_llama":1,"minecraft:zombie":23,"minecraft:stray":17,"minecraft:cow":6,"minecraft:phantom":3,"minecraft:drowned":17,"minecraft:bat":3,"minecraft:hoglin":5,"minecraft:enderman":5},"minecraft:used":{"easy_villagers:breeder":2,"tetra:forged_crate":1,"minecraft:ladder":62,"minecraft:chest":4,"minecraft:shield":1,"tetra:forged_wall":25,"minecraft:rotten_flesh":5,"tetra:forged_pillar":80,"create:fluid_tank":7,"create:cogwheel":24,"create:depot":1,"minecraft:obsidian":12,"minecraft:snowball":16,"enchantinginfuser:advanced_enchanting_infuser":1,"sophisticatedbackpacks:diamond_backpack":4,"minecraft:glass":1,"minecraft:packed_ice":105,"tetra:forged_container":2,"tetra:modular_single":227,"minecraft:wet_sponge":3,"minecraft:iron_helmet":1,"minecraft:dark_oak_slab":1,"easy_villagers:iron_farm":1,"minecraft:dark_oak_boat":2,"create:shaft":2,"minecraft:furnace":4,"minecraft:potato":1,"tetra:forged_workbench":3,"minecraft:dark_oak_sapling":33,"tetra:holo":26,"tetra:chthonic_extractor":9,"minecraft:sand":1,"tetra:earthpiercer_1_1":1,"minecraft:blast_furnace":3,"tetra:modular_double":3591,"minecraft:crossbow":1,"minecraft:sponge":99,"easy_villagers:villager":23,"sophisticatedbackpacks:backpack":12,"minecraft:dark_oak_log":25,"minecraft:bread":26,"minecraft:lectern":1,"minecraft:gravel":26,"create:basin":1,"tetra:earthpiercer_1_0":1,"minecraft:smithing_table":1,"minecraft:ice":16,"create:large_cogwheel":15,"minecraft:experience_bottle":375,"sophisticatedbackpacks:iron_backpack":11,"minecraft:enchanting_table":1,"minecraft:flint_and_steel":1,"minecraft:cooked_chicken":2,"minecraft:stone_hoe":1,"minecraft:netherrack":15,"minecraft:anvil":1,"minecraft:dirt":3,"tetra:modular_sword":401,"minecraft:hopper":5,"minecraft:diamond_helmet":1,"tetra:scroll_rolled":59,"minecraft:granite":1,"minecraft:dark_oak_planks":7,"tetra:transfer_unit":26,"minecraft:bookshelf":48,"minecraft:iron_axe":54,"minecraft:spawner":1,"easy_villagers:trader":18,"minecraft:iron_boots":1,"minecraft:diamond_chestplate":1,"minecraft:basalt":2,"minecraft:golden_carrot":47,"tetra:forged_platform":28,"easy_villagers:incubator":2,"comforts:sleeping_bag_white":4,"minecraft:cooked_beef":25,"minecraft:cobbled_deepslate":265,"sophisticatedbackpacks:gold_backpack":11,"minecraft:lodestone":1,"tetra:earthpiercer_0_1":2,"tetra:earthpiercer_0_0":1,"tetra:modular_shield":6,"minecraft:baked_potato":9,"easy_villagers:farmer":4,"tetra:modular_crossbow":6,"minecraft:crafting_table":22,"minecraft:white_bed":3,"minecraft:smoker":1,"minecraft:diamond_pickaxe":59,"create:mechanical_press":5,"create:water_wheel":5,"minecraft:chiseled_stone_bricks":26,"enchantinginfuser:enchanting_infuser":1,"bountiful:bountyboard":1,"minecraft:cobblestone":731,"tetra:rack":16,"minecraft:cooked_porkchop":2,"tetra:modular_bow":33,"minecraft:bucket":8,"minecraft:kelp":13,"create:dark_oak_window":2,"minecraft:diamond_leggings":1},"minecraft:dropped":{"minecraft:porkchop":1,"minecraft:crafting_table":1,"minecraft:dark_oak_slab":23,"minecraft:leather_helmet":3,"sophisticatedbackpacks:gold_backpack":1,"minecraft:flint":10,"minecraft:dirt":11,"tetra:forged_pillar":1,"minecraft:crimson_roots":7,"minecraft:wet_sponge":1,"tetra:rack":4,"minecraft:polished_blackstone_bricks":1,"minecraft:dark_oak_planks":4,"minecraft:bone":1,"minecraft:gravel":8,"minecraft:birch_sapling":6,"minecraft:rotten_flesh":28,"minecraft:white_bed":2,"minecraft:chiseled_stone_bricks":5,"tetra:modular_sword":1,"minecraft:leather_boots":2,"minecraft:leather_leggings":5,"tetra:modular_double":4,"minecraft:basalt":3,"create:andesite_alloy":1,"minecraft:iron_ingot":4,"minecraft:bookshelf":128,"minecraft:cobblestone":129,"minecraft:iron_helmet":1,"tetra:pristine_lapis":1,"minecraft:granite":64,"minecraft:copper_ingot":2,"create:zinc_nugget":2,"minecraft:music_disc_pigstep":1,"minecraft:stick":192,"minecraft:diorite":88,"minecraft:sponge":10,"minecraft:iron_leggings":1,"tetra:holo":1,"minecraft:string":2,"minecraft:smooth_basalt":3,"tetra:geode":52,"minecraft:tuff":1,"sophisticatedbackpacks:backpack":8,"minecraft:glass_pane":3,"minecraft:potato":1,"minecraft:iron_chestplate":1,"minecraft:oak_sapling":3,"minecraft:wooden_shovel":1,"tetra:modular_shield":1,"tetra:metal_scrap":40},"minecraft:custom":{"minecraft:interact_with_crafting_table":170,"minecraft:leave_game":39,"minecraft:time_since_death":908604,"minecraft:sprint_one_cm":1171693,"minecraft:damage_blocked_by_shield":245,"minecraft:drop":129,"minecraft:talked_to_villager":22,"minecraft:play_time":1666083,"minecraft:deaths":17,"minecraft:jump":7846,"minecraft:walk_on_water_one_cm":345880,"minecraft:enchant_item":18,"minecraft:interact_with_furnace":161,"minecraft:traded_with_villager":2258,"minecraft:sleep_in_bed":12,"minecraft:waystone_activated":1,"minecraft:damage_dealt":34714,"minecraft:crouch_one_cm":77352,"minecraft:interact_with_smoker":3,"minecraft:interact_with_smithing_table":1,"minecraft:interact_with_anvil":18,"minecraft:mob_kills":166,"minecraft:inspect_hopper":15,"minecraft:damage_dealt_resisted":31365,"minecraft:climb_one_cm":157251,"minecraft:walk_one_cm":1714644,"minecraft:damage_dealt_absorbed":2009,"minecraft:sneak_time":36605,"minecraft:walk_under_water_one_cm":623379,"minecraft:boat_one_cm":290,"minecraft:interact_with_blast_furnace":66,"minecraft:total_world_time":1666083,"minecraft:time_since_rest":136293,"minecraft:damage_taken":10657,"minecraft:swim_one_cm":383739,"minecraft:fly_one_cm":1378093,"minecraft:open_chest":208,"minecraft:fall_one_cm":243064},"minecraft:broken":{"minecraft:iron_helmet":1},"minecraft:picked_up":{"minecraft:iron_chestplate":1,"easy_villagers:breeder":2,"minecraft:smithing_table":1,"minecraft:lead":1,"minecraft:oak_stairs":1,"tetra:lubricant_dispenser":8,"tetra:hammer_base":1,"tetra:forged_workbench":3,"minecraft:brewing_stand":1,"minecraft:golden_sword":2,"minecraft:amethyst_block":1,"tetra:extractor_ruined_2_0":2,"paraglider:goddess_statue":1,"minecraft:string":10,"tetra:extractor_ruined_2_1":1,"minecraft:raw_copper":110,"create:limestone":1,"minecraft:iron_leggings":3,"tetra:extractor_ruined_0_2":1,"create:water_wheel":4,"create:mechanical_press":4,"minecraft:gold_nugget":89,"minecraft:cobbled_deepslate":1122,"comforts:sleeping_bag_white":4,"tetra:planar_stabilizer":19,"tetra:metal_scrap":284,"tetra:earthpiercer_ruined_0_0":1,"minecraft:wooden_shovel":1,"tetra:modular_sword":4,"minecraft:furnace":3,"minecraft:iron_boots":2,"minecraft:tipped_arrow":19,"minecraft:stick":265,"tetra:holo":27,"tetra:vent_plate":20,"create:andesite_casing":19,"tetra:forged_wall":43,"minecraft:porkchop":16,"tetra:extractor_ruined_0_0":1,"minecraft:diorite":173,"minecraft:music_disc_pigstep":1,"tetra:extractor_ruined_2_2":3,"minecraft:golden_chestplate":2,"tetra:earthpiercer_1_1":1,"create:large_cogwheel":11,"minecraft:rotten_flesh":87,"tetra:forged_crate":1,"create:asurine":2,"tetra:extractor_1_0":1,"minecraft:obsidian":21,"minecraft:snowball":16,"tetra:stonecutter_ruined_0_1":1,"minecraft:cobblestone":965,"minecraft:sponge":25,"minecraft:enchanting_table":1,"create:fluid_tank":7,"minecraft:andesite":104,"minecraft:dark_oak_boat":2,"minecraft:powder_snow_bucket":4,"minecraft:smoker":1,"minecraft:potato":3,"tetra:thermal_cell":27,"paraglider:spirit_orb":4,"minecraft:flint":112,"minecraft:tuff":87,"tetra:forged_bolt":25,"tetra:stonecutter_2_1":1,"minecraft:lapis_lazuli":1135,"tetra:earthpiercer_1_0":2,"minecraft:dirt":39,"minecraft:leather_boots":4,"minecraft:bone":46,"tetra:scroll_rolled":48,"minecraft:bow":3,"easy_villagers:trader":1,"minecraft:raw_gold":84,"create:shaft":2,"minecraft:glowstone_dust":4,"tetra:stonecutter_ruined_0_0":1,"tetra:rack":16,"tetra:modular_double":17,"create:cogwheel":10,"minecraft:sand":69,"minecraft:stripped_spruce_log":1,"sophisticatedbackpacks:iron_backpack":9,"tetra:chthonic_extractor":56,"tetra:forged_mesh":32,"minecraft:spectral_arrow":8,"minecraft:dark_oak_log":345,"minecraft:diamond":140,"tetra:forged_beam":33,"enchantinginfuser:enchanting_infuser":1,"minecraft:crossbow":3,"minecraft:granite":63,"tetra:chthonic_extractor_used":3,"minecraft:emerald":121,"minecraft:oak_sapling":3,"minecraft:netherrack":73,"tetra:forged_platform":28,"minecraft:crimson_roots":14,"tetra:extractor_ruined_1_2":2,"create:copper_sheet":1,"sophisticatedbackpacks:gold_backpack":3,"tetra:earthpiercer_ruined_1_1":2,"minecraft:crafting_table":19,"minecraft:ladder":46,"minecraft:clay_ball":8,"minecraft:leather_leggings":7,"minecraft:packed_ice":83,"minecraft:gold_block":18,"tetra:forged_pillar":166,"tetra:earthpiercer_ruined_1_0":1,"tetra:extractor_2_0":1,"tetra:extractor_2_1":2,"tetra:pristine_diamond":25,"minecraft:blackstone":4,"minecraft:glass_pane":3,"tetra:pristine_emerald":18,"minecraft:detector_rail":3,"tetra:extractor_ruined_1_0":2,"minecraft:beef":11,"create:basin":1,"minecraft:iron_nugget":1,"minecraft:lectern":1,"minecraft:sugar_cane":4,"minecraft:chest":1,"minecraft:birch_sapling":6,"minecraft:phantom_membrane":4,"minecraft:dark_oak_sapling":3,"easy_villagers:incubator":1,"minecraft:raw_iron":139,"minecraft:copper_ingot":3,"sophisticatedbackpacks:backpack":47,"minecraft:polished_blackstone_bricks":1,"tetra:extractor_0_1":3,"tetra:extractor_0_2":2,"minecraft:carrot":1,"tetra:quick_latch":4,"minecraft:redstone":1075,"minecraft:prismarine_crystals":5,"tetra:pristine_amethyst":33,"create:zinc_ingot":3,"minecraft:dark_oak_planks":89,"minecraft:arrow":75,"minecraft:weeping_vines":1,"minecraft:hay_block":7,"bountiful:bountyboard":1,"minecraft:wet_sponge":97,"tetra:earthpiercer_0_1":2,"minecraft:basalt":1,"minecraft:leather":20,"minecraft:ice":16,"easy_villagers:farmer":3,"minecraft:oak_log":66,"create:andesite_alloy":1,"minecraft:gunpowder":20,"tetra:forged_platform_slab":88,"minecraft:iron_ingot":5,"minecraft:iron_ore":17,"tetra:transfer_unit":36,"tetra:earthpiercer_0_0":2,"tetra:stonecutter_1_0":1,"minecraft:book":212,"minecraft:smooth_basalt":3,"minecraft:dark_oak_slab":23,"tetra:extractor_0_0":2,"tetra:combustion_chamber":11,"minecraft:chiseled_stone_bricks":37,"tetra:modular_shield":1,"minecraft:gravel":37,"minecraft:amethyst_shard":43,"minecraft:blast_furnace":2,"minecraft:white_bed":4,"tetra:pristine_lapis":36,"minecraft:spruce_log":6,"tetra:forged_container":10,"minecraft:crying_obsidian":2,"minecraft:spider_eye":2,"minecraft:leather_helmet":3,"tetra:earthpiercer_ruined_0_1":2,"tetra:geode":195,"create:zinc_nugget":2,"minecraft:iron_helmet":3,"tetra:stonecutter_1_1":1,"tetra:stonecutter_ruined_2_0":1,"minecraft:warped_roots":1,"tetra:extractor_ruined_1_1":3,"tetra:extractor_1_2":1,"minecraft:coal":23,"minecraft:hopper":2,"minecraft:ender_pearl":6},"minecraft:crafted":{"tetra:scroll_rolled":2,"minecraft:smooth_stone":9,"minecraft:oak_planks":4,"minecraft:barrel":2,"minecraft:dark_oak_boat":1,"minecraft:cooked_chicken":2,"minecraft:stone":10,"easy_villagers:incubator":1,"tetra:modular_single":1,"sophisticatedbackpacks:crafting_upgrade":1,"minecraft:bookshelf":605,"minecraft:glass":124,"minecraft:hopper":3,"minecraft:iron_boots":1,"minecraft:diamond_helmet":2,"minecraft:bow":3,"minecraft:diamond_leggings":2,"sophisticatedbackpacks:tank_upgrade":1,"create:mechanical_press":1,"minecraft:chest":7,"minecraft:copper_block":1,"easy_villagers:trader":17,"minecraft:stone_hoe":1,"create:cogwheel":1,"create:depot":1,"minecraft:wooden_shovel":1,"minecraft:emerald":1116,"enchantinginfuser:enchanting_infuser":1,"minecraft:crafting_table":5,"minecraft:spruce_planks":28,"minecraft:iron_helmet":1,"minecraft:baked_potato":30,"minecraft:wooden_pickaxe":1,"create:zinc_nugget":126,"minecraft:copper_ingot":201,"minecraft:fletching_table":5,"minecraft:gold_block":2,"sophisticatedbackpacks:upgrade_base":15,"minecraft:lectern":20,"enchantinginfuser:advanced_enchanting_infuser":1,"minecraft:dark_oak_slab":108,"minecraft:book":5,"minecraft:paper":15,"minecraft:diamond_pickaxe":2,"minecraft:charcoal":118,"create:water_wheel":1,"minecraft:shield":1,"sophisticatedbackpacks:diamond_backpack":2,"minecraft:stick":446,"minecraft:iron_ingot":266,"minecraft:iron_pickaxe":1,"minecraft:iron_block":26,"minecraft:gold_ingot":23,"create:large_cogwheel":6,"create:dark_oak_window":2,"minecraft:composter":2,"minecraft:sponge":61,"minecraft:shears":1,"create:empty_blaze_burner":1,"minecraft:golden_carrot":147,"create:steam_engine":1,"minecraft:leather_boots":1,"minecraft:iron_nugget":9,"sophisticatedbackpacks:stack_upgrade_tier_3":1,"minecraft:experience_bottle":403,"comforts:sleeping_bag_white":1,"sophisticatedbackpacks:stack_upgrade_tier_1":2,"minecraft:furnace":3,"minecraft:blast_furnace":3,"easy_villagers:iron_farm":1,"minecraft:diamond_block":10,"minecraft:glass_pane":304,"minecraft:flint_and_steel":1,"minecraft:ladder":109,"create:fluid_tank":3,"minecraft:diamond_boots":2,"sophisticatedbackpacks:stack_upgrade_tier_2":2,"create:basin":1,"minecraft:dark_oak_planks":636,"tetra:modular_double":2,"minecraft:wheat":63,"sophisticatedbackpacks:iron_backpack":9,"minecraft:cooked_beef":11,"minecraft:coal_block":2,"minecraft:red_dye":43,"create:andesite_alloy":26,"easy_villagers:farmer":1,"minecraft:diamond_sword":1,"minecraft:enchanting_table":1,"minecraft:iron_sword":1,"sophisticatedbackpacks:gold_backpack":3,"minecraft:bucket":2,"minecraft:glowstone":2,"minecraft:enchanted_book":27,"minecraft:air":0,"minecraft:bread":65,"tetra:rack":4,"tetra:modular_toolbelt":1,"minecraft:white_wool":10,"easy_villagers:breeder":1,"minecraft:iron_leggings":3,"minecraft:anvil":1,"minecraft:white_bed":2,"create:shaft":8,"minecraft:pumpkin_pie":128,"create:zinc_ingot":39,"tetra:modular_sword":1,"minecraft:lapis_lazuli":2,"minecraft:diamond_chestplate":1}},"DataVersion":3465}