{"stats":{"minecraft:killed":{"minecraft:zombified_piglin":10,"minecraft:spider":4,"minecraft:skeleton":18,"minecraft:piglin_brute":4,"minecraft:piglin":25,"minecraft:pig":2,"minecraft:zombie_villager":4,"minecraft:creeper":9,"minecraft:trader_llama":1,"minecraft:zombie":19,"minecraft:stray":15,"minecraft:cow":6,"minecraft:phantom":1,"minecraft:drowned":16,"minecraft:bat":3,"minecraft:hoglin":5,"minecraft:enderman":4},"minecraft:picked_up":{"minecraft:iron_chestplate":1,"easy_villagers:breeder":2,"minecraft:smithing_table":1,"minecraft:lead":1,"minecraft:oak_stairs":1,"tetra:lubricant_dispenser":8,"tetra:hammer_base":1,"tetra:forged_workbench":2,"minecraft:brewing_stand":1,"minecraft:golden_sword":1,"minecraft:amethyst_block":1,"tetra:extractor_ruined_2_0":2,"paraglider:goddess_statue":1,"minecraft:string":8,"tetra:extractor_ruined_2_1":1,"minecraft:raw_copper":86,"create:limestone":1,"minecraft:iron_leggings":3,"tetra:extractor_ruined_0_2":1,"minecraft:gold_nugget":85,"minecraft:cobbled_deepslate":1121,"comforts:sleeping_bag_white":4,"tetra:planar_stabilizer":17,"tetra:metal_scrap":279,"tetra:earthpiercer_ruined_0_0":1,"minecraft:wooden_shovel":1,"tetra:modular_sword":4,"minecraft:furnace":2,"minecraft:iron_boots":2,"minecraft:tipped_arrow":9,"minecraft:stick":263,"tetra:holo":26,"tetra:vent_plate":20,"tetra:forged_wall":20,"minecraft:porkchop":16,"tetra:extractor_ruined_0_0":1,"minecraft:diorite":173,"minecraft:music_disc_pigstep":1,"tetra:extractor_ruined_2_2":3,"minecraft:golden_chestplate":1,"tetra:earthpiercer_1_1":1,"minecraft:rotten_flesh":85,"tetra:forged_crate":1,"create:asurine":2,"tetra:extractor_1_0":1,"minecraft:obsidian":21,"minecraft:snowball":16,"tetra:stonecutter_ruined_0_1":1,"minecraft:cobblestone":926,"minecraft:enchanting_table":1,"minecraft:sponge":25,"minecraft:andesite":1,"minecraft:dark_oak_boat":2,"minecraft:powder_snow_bucket":4,"minecraft:smoker":1,"minecraft:potato":3,"tetra:thermal_cell":27,"paraglider:spirit_orb":4,"minecraft:flint":112,"minecraft:tuff":87,"tetra:forged_bolt":24,"tetra:earthpiercer_1_0":2,"tetra:stonecutter_2_1":1,"minecraft:lapis_lazuli":880,"minecraft:dirt":38,"minecraft:leather_boots":4,"minecraft:bone":40,"tetra:scroll_rolled":41,"minecraft:bow":2,"easy_villagers:trader":1,"minecraft:raw_gold":76,"minecraft:glowstone_dust":4,"tetra:stonecutter_ruined_0_0":1,"tetra:rack":16,"tetra:modular_double":17,"minecraft:sand":69,"sophisticatedbackpacks:iron_backpack":9,"tetra:chthonic_extractor":53,"tetra:forged_mesh":32,"minecraft:dark_oak_log":344,"minecraft:diamond":132,"tetra:forged_beam":33,"enchantinginfuser:enchanting_infuser":1,"minecraft:crossbow":3,"minecraft:granite":63,"tetra:chthonic_extractor_used":3,"minecraft:emerald":114,"minecraft:oak_sapling":3,"minecraft:netherrack":73,"tetra:forged_platform":2,"minecraft:crimson_roots":14,"tetra:extractor_ruined_1_2":2,"sophisticatedbackpacks:gold_backpack":3,"tetra:earthpiercer_ruined_1_1":2,"minecraft:crafting_table":19,"minecraft:ladder":44,"minecraft:clay_ball":8,"minecraft:leather_leggings":7,"minecraft:gold_block":18,"tetra:forged_pillar":69,"tetra:earthpiercer_ruined_1_0":1,"tetra:extractor_2_0":1,"tetra:extractor_2_1":2,"tetra:pristine_diamond":23,"minecraft:blackstone":4,"minecraft:glass_pane":3,"tetra:pristine_emerald":17,"minecraft:detector_rail":3,"tetra:extractor_ruined_1_0":2,"minecraft:beef":11,"minecraft:iron_nugget":1,"minecraft:lectern":1,"minecraft:sugar_cane":4,"minecraft:chest":1,"minecraft:birch_sapling":6,"minecraft:phantom_membrane":2,"minecraft:dark_oak_sapling":2,"easy_villagers:incubator":1,"minecraft:raw_iron":123,"minecraft:copper_ingot":2,"sophisticatedbackpacks:backpack":45,"minecraft:polished_blackstone_bricks":1,"tetra:extractor_0_1":3,"tetra:extractor_0_2":2,"minecraft:carrot":1,"tetra:quick_latch":4,"minecraft:redstone":897,"minecraft:prismarine_crystals":5,"tetra:pristine_amethyst":27,"minecraft:dark_oak_planks":86,"minecraft:weeping_vines":1,"minecraft:arrow":34,"minecraft:hay_block":7,"bountiful:bountyboard":1,"minecraft:wet_sponge":94,"tetra:earthpiercer_0_1":2,"minecraft:basalt":1,"minecraft:leather":20,"easy_villagers:farmer":3,"minecraft:oak_log":66,"minecraft:gunpowder":18,"tetra:forged_platform_slab":27,"minecraft:iron_ingot":4,"tetra:transfer_unit":34,"tetra:earthpiercer_0_0":2,"tetra:stonecutter_1_0":1,"minecraft:book":194,"tetra:combustion_chamber":10,"minecraft:smooth_basalt":3,"minecraft:dark_oak_slab":23,"tetra:extractor_0_0":2,"minecraft:chiseled_stone_bricks":37,"tetra:modular_shield":1,"minecraft:gravel":37,"minecraft:amethyst_shard":41,"minecraft:blast_furnace":2,"minecraft:white_bed":4,"tetra:pristine_lapis":31,"tetra:forged_container":10,"minecraft:crying_obsidian":2,"minecraft:spider_eye":2,"minecraft:leather_helmet":3,"tetra:earthpiercer_ruined_0_1":2,"tetra:geode":195,"minecraft:iron_helmet":3,"tetra:stonecutter_1_1":1,"tetra:stonecutter_ruined_2_0":1,"minecraft:warped_roots":1,"tetra:extractor_ruined_1_1":3,"tetra:extractor_1_2":1,"minecraft:coal":23,"minecraft:hopper":2,"minecraft:ender_pearl":4},"minecraft:crafted":{"tetra:scroll_rolled":2,"minecraft:oak_planks":4,"minecraft:smooth_stone":6,"minecraft:dark_oak_boat":1,"minecraft:cooked_chicken":2,"minecraft:stone":7,"easy_villagers:incubator":1,"tetra:modular_single":1,"minecraft:bookshelf":605,"minecraft:glass":116,"minecraft:hopper":3,"minecraft:iron_boots":1,"minecraft:diamond_helmet":2,"minecraft:bow":3,"minecraft:diamond_leggings":2,"minecraft:chest":6,"easy_villagers:trader":17,"minecraft:stone_hoe":1,"minecraft:wooden_shovel":1,"minecraft:emerald":906,"enchantinginfuser:enchanting_infuser":1,"minecraft:crafting_table":4,"minecraft:iron_helmet":1,"minecraft:wooden_pickaxe":1,"minecraft:baked_potato":3,"minecraft:gold_block":2,"minecraft:fletching_table":1,"sophisticatedbackpacks:upgrade_base":15,"enchantinginfuser:advanced_enchanting_infuser":1,"minecraft:lectern":20,"minecraft:dark_oak_slab":102,"minecraft:book":5,"minecraft:paper":15,"minecraft:diamond_pickaxe":2,"minecraft:charcoal":4,"minecraft:shield":1,"sophisticatedbackpacks:diamond_backpack":1,"minecraft:stick":446,"minecraft:iron_ingot":137,"minecraft:iron_pickaxe":1,"minecraft:iron_block":26,"minecraft:gold_ingot":23,"create:dark_oak_window":2,"minecraft:composter":2,"minecraft:sponge":61,"minecraft:shears":1,"minecraft:golden_carrot":147,"minecraft:leather_boots":1,"minecraft:iron_nugget":9,"sophisticatedbackpacks:stack_upgrade_tier_3":1,"minecraft:experience_bottle":199,"comforts:sleeping_bag_white":1,"sophisticatedbackpacks:stack_upgrade_tier_1":2,"minecraft:furnace":2,"minecraft:blast_furnace":2,"easy_villagers:iron_farm":1,"minecraft:diamond_block":10,"minecraft:glass_pane":304,"minecraft:flint_and_steel":1,"minecraft:ladder":109,"minecraft:diamond_boots":2,"sophisticatedbackpacks:stack_upgrade_tier_2":2,"minecraft:dark_oak_planks":604,"tetra:modular_double":2,"sophisticatedbackpacks:iron_backpack":1,"minecraft:cooked_beef":11,"minecraft:coal_block":2,"easy_villagers:farmer":1,"minecraft:diamond_sword":1,"minecraft:enchanting_table":1,"minecraft:iron_sword":1,"sophisticatedbackpacks:gold_backpack":2,"minecraft:bucket":1,"minecraft:glowstone":2,"minecraft:enchanted_book":27,"minecraft:air":0,"minecraft:bread":39,"tetra:modular_toolbelt":1,"tetra:rack":4,"minecraft:white_wool":10,"easy_villagers:breeder":1,"minecraft:iron_leggings":3,"minecraft:anvil":1,"minecraft:white_bed":2,"minecraft:pumpkin_pie":128,"tetra:modular_sword":1,"minecraft:lapis_lazuli":2,"minecraft:diamond_chestplate":1},"minecraft:custom":{"minecraft:interact_with_crafting_table":142,"minecraft:leave_game":37,"minecraft:time_since_death":522927,"minecraft:sprint_one_cm":1003801,"minecraft:damage_blocked_by_shield":245,"minecraft:drop":122,"minecraft:talked_to_villager":22,"minecraft:play_time":1280406,"minecraft:deaths":17,"minecraft:jump":6736,"minecraft:walk_on_water_one_cm":313717,"minecraft:enchant_item":4,"minecraft:interact_with_furnace":132,"minecraft:traded_with_villager":1842,"minecraft:sleep_in_bed":8,"minecraft:waystone_activated":1,"minecraft:damage_dealt":31284,"minecraft:crouch_one_cm":75332,"minecraft:interact_with_anvil":13,"minecraft:mob_kills":150,"minecraft:inspect_hopper":9,"minecraft:damage_dealt_resisted":29950,"minecraft:climb_one_cm":85517,"minecraft:walk_one_cm":1410072,"minecraft:damage_dealt_absorbed":1769,"minecraft:sneak_time":33392,"minecraft:walk_under_water_one_cm":448581,"minecraft:boat_one_cm":290,"minecraft:interact_with_blast_furnace":39,"minecraft:total_world_time":1280406,"minecraft:time_since_rest":489652,"minecraft:damage_taken":10105,"minecraft:swim_one_cm":336879,"minecraft:fly_one_cm":1178061,"minecraft:open_chest":165,"minecraft:fall_one_cm":190283},"minecraft:killed_by":{"minecraft:zombie_villager":2,"minecraft:piglin":3,"minecraft:zombie":4,"minecraft:skeleton":1},"minecraft:dropped":{"minecraft:porkchop":1,"minecraft:crafting_table":1,"minecraft:dark_oak_slab":23,"minecraft:leather_helmet":3,"minecraft:flint":10,"sophisticatedbackpacks:gold_backpack":1,"minecraft:dirt":11,"tetra:forged_pillar":1,"minecraft:crimson_roots":7,"minecraft:wet_sponge":1,"tetra:rack":4,"minecraft:polished_blackstone_bricks":1,"minecraft:dark_oak_planks":4,"minecraft:bone":1,"minecraft:gravel":8,"minecraft:birch_sapling":6,"minecraft:rotten_flesh":28,"minecraft:white_bed":2,"minecraft:chiseled_stone_bricks":5,"tetra:modular_sword":1,"minecraft:leather_boots":2,"minecraft:leather_leggings":5,"tetra:modular_double":4,"minecraft:basalt":3,"minecraft:iron_ingot":3,"minecraft:bookshelf":128,"minecraft:iron_helmet":1,"minecraft:cobblestone":129,"tetra:pristine_lapis":1,"minecraft:granite":64,"minecraft:music_disc_pigstep":1,"minecraft:stick":192,"minecraft:diorite":88,"minecraft:sponge":10,"minecraft:iron_leggings":1,"minecraft:string":2,"minecraft:smooth_basalt":3,"tetra:geode":52,"minecraft:tuff":1,"sophisticatedbackpacks:backpack":8,"minecraft:glass_pane":3,"minecraft:potato":1,"minecraft:iron_chestplate":1,"minecraft:oak_sapling":3,"minecraft:wooden_shovel":1,"tetra:modular_shield":1,"tetra:metal_scrap":40},"minecraft:mined":{"minecraft:dark_oak_planks":4,"create:deepslate_zinc_ore":4,"tetra:forged_container":10,"minecraft:white_bed":2,"minecraft:sculk_vein":2,"minecraft:brewing_stand":1,"minecraft:obsidian":18,"minecraft:granite":200,"minecraft:budding_amethyst":1,"minecraft:chiseled_polished_blackstone":2,"minecraft:grass_block":8,"minecraft:cracked_polished_blackstone_bricks":3,"tetra:forged_crate":1,"tetra:rack":4,"minecraft:hopper":2,"minecraft:chiseled_stone_bricks":33,"minecraft:gilded_blackstone":21,"minecraft:spawner":3,"minecraft:polished_blackstone_bricks":15,"minecraft:weeping_vines_plant":1,"minecraft:glowstone":1,"minecraft:iron_ore":30,"minecraft:cobbled_deepslate":71,"minecraft:fire":8,"easy_villagers:breeder":2,"minecraft:deepslate_lapis_ore":6,"minecraft:enchanting_table":1,"create:asurine":2,"minecraft:oak_stairs":5,"tetra:scroll_wall":33,"create:limestone":1,"bountiful:bountyboard":1,"minecraft:deepslate_redstone_ore":8,"minecraft:blackstone":77,"tetra:scroll_rolled":8,"minecraft:smoker":1,"minecraft:crimson_nylium":14,"minecraft:amethyst_cluster":6,"minecraft:powder_snow":57,"minecraft:blast_furnace":2,"easy_villagers:farmer":3,"minecraft:glass":1,"minecraft:cobblestone":168,"minecraft:sugar_cane":1,"minecraft:amethyst_block":1,"tetra:forged_pillar":81,"minecraft:warped_nylium":2,"minecraft:stone_brick_stairs":1,"minecraft:grass":8,"minecraft:oak_log":2,"minecraft:dark_oak_sapling":2,"minecraft:sand":45,"minecraft:dirt":27,"minecraft:smooth_basalt":3,"minecraft:netherrack":228,"create:crimsite":1,"minecraft:oak_leaves":166,"minecraft:deepslate":1768,"minecraft:crying_obsidian":1,"minecraft:tuff":113,"minecraft:deepslate_diamond_ore":85,"enchantinginfuser:enchanting_infuser":1,"tetra:block_geode":15,"minecraft:sea_lantern":2,"minecraft:crimson_roots":8,"minecraft:weeping_vines":1,"tetra:holosphere":26,"minecraft:hay_block":7,"tetra:forged_platform":2,"minecraft:furnace":2,"minecraft:snow":6,"minecraft:andesite":58,"minecraft:stripped_spruce_log":2,"minecraft:gold_block":18,"tetra:hammer_base":1,"minecraft:bookshelf":24,"minecraft:deepslate_iron_ore":8,"easy_villagers:trader":1,"minecraft:packed_ice":280,"minecraft:wet_sponge":93,"minecraft:stone":1596,"minecraft:smithing_table":1,"minecraft:oak_slab":4,"minecraft:crafting_table":5,"minecraft:emerald_ore":1,"minecraft:sponge":6,"tetra:forged_platform_slab":31,"tetra:transfer_unit":38,"tetra:chthonic_extractor":6,"minecraft:lectern":1,"minecraft:copper_ore":4,"minecraft:deepslate_gold_ore":16,"minecraft:lapis_ore":15,"minecraft:polished_blackstone_brick_stairs":3,"minecraft:sculk":2,"minecraft:diorite":174,"minecraft:spruce_stairs":1,"easy_villagers:incubator":1,"tetra:basic_workbench":13,"minecraft:ice":2,"minecraft:spruce_log":4,"minecraft:birch_leaves":60,"tetra:forged_workbench":4,"minecraft:coal_ore":22,"minecraft:gravel":39,"minecraft:gold_ore":5,"tetra:forged_wall":22,"paraglider:goddess_statue":1},"minecraft:broken":{"minecraft:iron_helmet":1},"minecraft:used":{"easy_villagers:breeder":2,"tetra:forged_crate":1,"minecraft:ladder":60,"minecraft:chest":4,"minecraft:shield":1,"tetra:forged_wall":13,"minecraft:rotten_flesh":5,"tetra:forged_pillar":33,"enchantinginfuser:advanced_enchanting_infuser":1,"minecraft:snowball":16,"minecraft:obsidian":12,"sophisticatedbackpacks:diamond_backpack":1,"minecraft:glass":1,"tetra:forged_container":2,"tetra:modular_single":75,"minecraft:wet_sponge":2,"minecraft:iron_helmet":1,"minecraft:dark_oak_slab":1,"easy_villagers:iron_farm":1,"minecraft:dark_oak_boat":2,"minecraft:furnace":3,"minecraft:potato":1,"tetra:forged_workbench":2,"tetra:holo":26,"tetra:chthonic_extractor":6,"minecraft:sand":1,"tetra:earthpiercer_1_1":1,"minecraft:blast_furnace":2,"tetra:modular_double":3061,"minecraft:sponge":97,"sophisticatedbackpacks:backpack":9,"easy_villagers:villager":14,"minecraft:dark_oak_log":5,"minecraft:bread":26,"minecraft:lectern":1,"minecraft:gravel":26,"tetra:earthpiercer_1_0":1,"minecraft:experience_bottle":171,"sophisticatedbackpacks:iron_backpack":6,"minecraft:enchanting_table":1,"minecraft:flint_and_steel":1,"minecraft:stone_hoe":1,"minecraft:cooked_chicken":2,"minecraft:netherrack":15,"minecraft:dirt":3,"minecraft:anvil":1,"tetra:modular_sword":368,"minecraft:hopper":5,"minecraft:diamond_helmet":1,"tetra:scroll_rolled":50,"minecraft:granite":1,"minecraft:dark_oak_planks":7,"tetra:transfer_unit":26,"minecraft:bookshelf":42,"minecraft:iron_axe":54,"minecraft:spawner":1,"easy_villagers:trader":18,"minecraft:iron_boots":1,"minecraft:diamond_chestplate":1,"minecraft:basalt":2,"minecraft:golden_carrot":36,"easy_villagers:incubator":2,"comforts:sleeping_bag_white":4,"minecraft:cooked_beef":25,"minecraft:cobbled_deepslate":264,"sophisticatedbackpacks:gold_backpack":8,"tetra:earthpiercer_0_0":1,"tetra:earthpiercer_0_1":2,"tetra:modular_shield":6,"minecraft:baked_potato":3,"easy_villagers:farmer":4,"minecraft:crafting_table":22,"minecraft:white_bed":3,"minecraft:diamond_pickaxe":59,"enchantinginfuser:enchanting_infuser":1,"minecraft:chiseled_stone_bricks":26,"minecraft:cobblestone":712,"tetra:rack":16,"minecraft:cooked_porkchop":2,"tetra:modular_bow":16,"minecraft:bucket":6,"create:dark_oak_window":2}},"DataVersion":3465}